user_id	item_id
102506116	119439995
42793246	125634399
5369231	394658338
17562880	89075900
17562880	392337274
17562880	389880109
135567210	78957582
136286592	190177818
103823974	37910916
4498439	74977824
26037919	83998781
112141018	33069267
18594472	85202142
135567210	28644360
138961180	98603220
17219776	128702084
135567210	147681344
134116374	167063158
135809553	188340393
12952941	316324532
50783368	205542738
42096946	35946273
60380684	237223630
13709817	299941043
20501826	344294537
59520279	209497906
13492065	280674759
136286592	51472776
123839396	339797425
50114359	283687321
50114359	229347739
26037919	70506159
34085107	294614743
25737649	17712290
12506484	287388185
32079118	23362852
4915814	186653415
48967362	68940123
135567210	198438891
104550352	360143307
42096946	23893034
137507730	329887367
138780010	401070714
5708087	249026377
54041681	303623649
27317801	68820487
11026029	88964509
56818905	192196843
110961790	276237060
110948224	202804844
112141018	31193281
56993964	305742819
135567210	56262444
135894801	233678245
117199100	165999446
135809553	292173570
142191573	277149740
115761083	64989800
447828	206016051
106115495	125701061
18594472	104202558
114370733	222514477
56011760	98656648
54860714	104492596
105805055	216704309
135567210	198472080
11366706	314633261
31182685	332581378
113512469	61064707
113512469	150429306
24979429	167780112
110933884	231402044
18594472	146230850
123839396	173802353
120306985	75693482
19950899	84853331
20231406	286026539
138961180	284608420
19052485	343299064
137507730	358788976
33635794	68289678
25286173	160598516
40528453	24106739
38026943	253800192
40528453	319719400
50936650	376180369
18959614	108852248
40528453	361357012
40528453	58187981
122132057	317459368
107264414	274520757
118509390	309984252
12257382	185913169
136286592	356686046
122630648	334485827
136286592	222767568
58517586	314069950
58399743	217054155
18594472	361190274
50142094	254127882
135378246	400701289
132424760	69977335
135200142	283700887
46729748	210012720
134116374	293229160
128441868	123705616
46312028	97529977
28883723	260226898
10129914	249618450
128441868	276316706
134979525	338630082
132626507	286175221
62879735	384038335
46312028	191638063
42793246	324456403
135378246	154200932
44182382	291503193
30009492	196793876
136286592	115214235
18249259	80411699
122645273	115296587
136286592	341533485
5708087	200867098
22099113	234949882
20170290	255284313
53667812	205032147
50260039	251443481
42096946	306706132
59556336	157378005
116631182	211666518
42096946	395074329
111382789	261554871
5708087	298172271
63220007	229076252
106655468	60389288
135378246	180200233
106960781	328874301
138961180	243088323
27496280	172658863
140863667	360827124
46312028	150996707
134116374	310599523
121658987	240657308
13709817	56872257
27496280	86610821
18594472	2823783
530238	165455096
29499215	391850817
43205692	396171430
37100390	399051184
50805790	70291150
132626507	57047804
141816551	385376939
113010458	86463202
50805790	127342263
43205692	187708707
57269349	42730171
18488008	163689973
142159824	179625206
136286592	377941675
45429617	180220588
64019348	242959465
40406632	324232322
126376929	116212666
131856122	58774133
137490870	38600045
1591612	353656592
1591612	36907872
28557548	1696120
4320107	28837902
20462589	49483732
128008896	137318721
112619968	95867699
19950899	214033234
29235785	139744584
48362340	118448109
24472810	366516190
42096946	120214329
132236660	381125638
6270956	274921888
105315608	22480731
127367034	347887357
112658053	239896170
137640381	205571401
135378246	21875449
137758701	222559857
137490870	320821185
120306985	269081751
124956647	307830817
53976869	43508009
2854798	125518814
41686678	385753960
135567210	56354946
132626507	281443615
17562880	375360011
115856090	250568332
108809234	278950351
112141018	239817985
115761083	269477241
42793246	330687918
109016093	398105124
12506484	317247542
40528453	112501186
112141018	20997179
121299887	336162847
4915814	343575787
128338662	311499944
34756237	131904115
138560071	276364549
109737327	150724185
43205692	144223786
46312028	5868986
138560071	2251028
138560071	100530226
42966754	181427662
27317801	310795574
43205692	19046121
53091371	260475256
5257922	370366552
28178051	249403460
130797629	68698676
54614978	195619344
56269254	56659837
54041681	278129435
132626507	179516225
132626507	140610787
36090836	189286725
54357473	121822185
132236660	151793480
2854798	257727704
100184380	386120298
112631605	206607870
112658053	1061648
112658053	307542920
132541898	342241097
4486844	190390494
15033334	6795748
132626507	24376695
53091371	295303738
53457986	171877215
46312028	120428365
18594472	80586034
18594472	3700188
18594472	177212089
43205692	378730350
57679953	333028913
18488008	268865942
5371991	131188564
57269349	109860118
116909354	254026670
116523407	360817002
116523407	119930041
142014633	392406846
5369231	36641963
42793246	77414788
59472933	115152156
29518607	1181345
136592694	101452525
31182685	73233753
29684399	134632501
135567210	216916207
135567210	23384815
49221063	76942520
63623282	71364370
135567210	369396275
33253837	311262304
136592694	91878490
33253837	247645482
103582819	190639367
33253837	214683302
135567210	272484901
135944085	288901291
106166372	52755798
12626139	185724893
136286592	91500364
62879735	311053665
41085817	128247101
63623282	378575499
12215373	380828034
63623282	244553557
136286592	382008047
122357858	242725915
60956726	341849097
29499215	58727293
29499215	77051146
5027015	262178796
127919298	18189868
121923944	381679323
135200142	127213733
29201000	68872441
124956647	159219622
26926537	35161881
134116374	174227711
137507730	236303333
104876086	202040533
10876284	368359382
25295611	112263922
20501826	17641568
124675478	374557660
22726524	272369633
121575080	403327701
134116374	297991778
20612499	115992351
20612499	157775980
40528453	161696840
106290839	143263044
121883405	368485748
105410696	313461858
23246977	74146639
135378246	133073301
134116374	330667982
135378246	372797306
20612499	172366937
20612499	182762585
124675478	105337403
12546384	93988402
12546384	229343937
135235563	285169671
36422153	216744349
135235563	81043001
47688515	173265632
132236660	180933374
55100099	4615129
35482754	307600160
127414902	205442734
55100099	111017441
11366706	233101284
114099881	342049652
135567210	177729634
48967362	311913498
135235563	81392053
48674940	312219367
114370733	388998815
49444128	352882725
135567210	263346627
126376929	189420933
44142824	273532679
49444128	162618129
137758701	304333357
11594934	55559718
136948968	140883116
121923944	80225661
3777256	31609311
121923944	73681123
121923944	130660969
121883405	271705542
118733970	134877587
140318987	341161365
119178861	111615598
139834975	224610957
38974214	322550392
51318043	99705326
135378246	218735110
121055447	234648388
117707223	263586939
40528453	66985938
141287867	94470453
50260039	275264557
5369231	373402037
135792408	290999637
4968401	66804201
128902392	182642736
46729748	400840831
5369231	118143895
37020122	349757910
122132057	291689553
120456085	390646067
132626507	299440985
37100390	114936116
131771456	403813216
43484740	122728309
40849750	399757811
113210000	117811024
112141018	186834589
61432703	51734688
61432703	337098384
112201231	305849282
25609192	135038181
17448412	374880559
34792318	359916772
110946571	147950706
34756237	187699550
18496468	344214994
22545810	23596160
20612499	368068808
58517586	231003176
20612499	401410730
18176035	80853930
25286173	278155255
60913700	89042044
60913700	36791561
62693996	353217183
111413851	233216799
30591498	220401889
111413851	113752949
18176035	105208301
18176035	282958866
61875821	117407376
29684399	125157108
106290839	115432633
31510981	97623200
110329285	117094879
112658053	137407767
110067667	289330031
29499215	31110174
23749054	299809379
32060788	71796857
23730268	362544821
